,Name,sma_pfast,sma_pslow,Return,MaxDrawDown,TotalTrades#,WinTrades#,LossTrades#,WinRatio,AverageWin$,AverageLoss$,LongestWinStreak,LongestLossStreak,AverageWinLossRatio,RankReturn,RankMaxDrawDown,RankWinRatio,RankAverageWinLossRatio,Score
0,SMACross,5,10,-0.3473,43.6326,130,39,91,0.3000,179.6129,-115.1390,2,14,1.5600,533,536,398,485,488.0000
1,SMACross,5,11,-0.3263,39.7296,126,39,87,0.3095,167.4799,-112.5800,3,7,1.4877,531,527,353,495,476.5000
2,SMACross,5,12,-0.2631,35.8093,111,34,77,0.3063,192.6618,-119.2406,3,12,1.6157,519,467,365,470,455.2500
3,SMACross,5,13,-0.2772,37.5877,102,34,68,0.3333,203.4041,-139.7284,3,11,1.4557,523,501,217,507,437.0000
4,SMACross,5,14,-0.3053,39.2423,97,29,68,0.2990,232.6117,-142.0268,2,9,1.6378,527,524,414,463,482.0000
5,SMACross,5,15,-0.2685,37.6267,85,27,58,0.3176,256.0075,-162.9094,2,6,1.5715,520,502,312,480,453.5000
6,SMACross,5,16,-0.2685,42.3727,81,25,56,0.3086,281.3102,-170.3654,4,10,1.6512,521,535,359,457,468.0000
7,SMACross,5,17,-0.2594,41.0514,75,25,50,0.3333,259.5355,-177.8358,3,11,1.4594,518,530,217,506,442.7500
8,SMACross,5,18,-0.1409,35.5961,72,23,49,0.3194,275.5390,-158.0946,3,11,1.7429,457,463,301,426,411.7500
9,SMACross,5,19,-0.1470,35.4136,66,21,45,0.3182,324.6278,-179.5707,4,10,1.8078,463,455,307,406,407.7500
10,SMACross,5,20,-0.1555,34.6235,66,22,44,0.3333,295.5359,-178.1731,4,9,1.6587,474,431,217,455,394.2500
11,SMACross,5,21,0.0681,23.0930,62,21,41,0.3387,337.1857,-149.4019,3,9,2.2569,164,139,214,199,179.0000
12,SMACross,5,22,0.0043,26.7727,61,21,40,0.3443,308.4515,-154.3918,4,11,1.9978,274,217,185,329,251.2500
13,SMACross,5,23,0.0351,27.6161,59,20,39,0.3390,322.0813,-156.1734,4,9,2.0623,231,240,213,297,245.2500
14,SMACross,5,24,0.0012,27.3862,57,18,39,0.3158,345.4318,-159.1306,4,10,2.1707,281,236,319,241,269.2500
15,SMACross,5,25,-0.0472,27.4188,52,16,36,0.3077,342.0385,-168.5395,2,10,2.0294,353,237,360,315,316.2500
16,SMACross,5,26,-0.1555,35.4646,55,16,39,0.2909,336.0044,-180.5105,2,11,1.8614,475,457,441,379,438.0000
17,SMACross,5,27,-0.1534,36.2150,54,17,37,0.3148,319.1416,-188.1001,2,11,1.6967,469,480,331,442,430.5000
18,SMACross,5,28,-0.1160,34.8807,52,17,35,0.3269,330.6380,-193.7407,2,10,1.7066,428,438,255,438,389.7500
19,SMACross,5,29,-0.0911,34.7300,50,15,35,0.3000,378.3852,-188.1893,2,9,2.0107,402,433,398,320,388.2500
20,SMACross,5,30,-0.0842,34.0675,51,14,37,0.2745,381.8423,-170.4111,2,9,2.2407,393,415,488,205,375.2500
21,SMACross,5,31,-0.0726,32.6385,50,14,36,0.2800,374.9915,-169.2990,2,9,2.2150,384,367,472,221,361.0000
22,SMACross,5,32,-0.0557,33.3563,49,14,35,0.2857,380.7758,-171.6910,2,10,2.2178,365,389,454,218,356.5000
23,SMACross,5,33,-0.0008,30.1589,47,15,32,0.3191,372.8708,-177.7797,4,9,2.0974,288,306,303,273,292.5000
24,SMACross,5,34,0.0042,30.0486,47,14,33,0.2979,390.1265,-166.9316,2,10,2.3370,275,302,415,150,285.5000
25,SMACross,5,35,-0.0842,32.8079,48,15,33,0.3125,336.6106,-180.9659,4,10,1.8601,394,372,336,380,370.5000
26,SMACross,5,36,-0.0246,31.3591,47,13,34,0.2766,435.1425,-176.1421,2,9,2.4704,321,335,483,95,308.5000
27,SMACross,5,37,-0.0305,32.6084,46,13,33,0.2826,440.0561,-185.2000,2,9,2.3761,331,365,465,128,322.2500
28,SMACross,5,38,-0.0460,32.9527,44,14,30,0.3182,408.1417,-208.5957,3,9,1.9566,351,378,307,347,345.7500
29,SMACross,5,39,-0.0287,31.5465,44,12,32,0.2727,457.5685,-183.2333,3,10,2.4972,328,339,489,88,311.0000
30,SMACross,5,40,-0.0445,33.5855,44,12,32,0.2727,466.3516,-191.4209,3,10,2.4363,347,398,489,106,335.0000
31,SMACross,5,41,-0.0310,33.9866,41,12,29,0.2927,477.6950,-211.3030,3,8,2.2607,332,413,438,194,344.2500
32,SMACross,5,42,-0.0195,33.8820,44,14,30,0.3182,410.9569,-201.1787,4,9,2.0427,312,411,307,307,334.2500
33,SMACross,5,43,-0.0585,35.1129,43,12,31,0.2791,466.9107,-202.2785,2,9,2.3083,368,446,473,166,363.2500
34,SMACross,5,44,-0.0312,31.5570,43,12,31,0.2791,474.2927,-196.4373,2,9,2.4145,334,340,473,112,314.7500
35,SMACross,5,45,-0.0001,30.7196,41,11,30,0.2683,520.8772,-193.9773,2,10,2.6852,285,317,501,44,286.7500
36,SMACross,5,46,-0.0201,33.2628,39,11,28,0.2821,527.3244,-217.4487,2,9,2.4251,313,385,466,110,318.5000
37,SMACross,5,47,-0.0098,32.4165,38,11,27,0.2895,523.6258,-220.2030,2,8,2.3779,300,362,448,125,308.7500
38,SMACross,5,48,-0.0324,33.7394,39,11,28,0.2821,524.0979,-220.5163,2,8,2.3767,335,405,466,127,333.2500
39,SMACross,5,49,-0.0004,30.6479,37,11,26,0.2973,499.9389,-215.0779,2,6,2.3245,286,314,418,156,293.5000
40,SMACross,5,50,0.0393,31.2975,36,11,25,0.3056,498.8427,-207.4380,2,6,2.4048,223,333,367,115,259.5000
41,SMACross,6,11,-0.2718,37.3807,123,42,81,0.3415,169.9229,-119.4869,2,6,1.4221,522,497,207,510,434.0000
42,SMACross,6,12,-0.2592,34.9164,107,37,70,0.3458,186.7178,-132.9999,3,9,1.4039,517,441,178,511,411.7500
43,SMACross,6,13,-0.2821,36.3699,97,34,63,0.3505,205.2597,-152.6038,3,11,1.3450,524,482,164,516,421.5000
44,SMACross,6,14,-0.3317,41.1598,96,30,66,0.3125,217.4128,-146.6270,4,12,1.4828,532,531,336,497,474.0000
45,SMACross,6,15,-0.3066,37.8235,89,28,61,0.3146,250.2283,-162.3692,3,9,1.5411,528,506,332,490,464.0000
46,SMACross,6,16,-0.2572,40.7136,72,25,47,0.3472,279.2912,-199.4632,3,9,1.4002,513,528,173,513,431.7500
47,SMACross,6,17,-0.2579,36.9399,74,22,52,0.2973,301.7581,-173.5910,3,10,1.7383,514,491,418,427,462.5000
48,SMACross,6,18,-0.1800,34.4743,70,23,47,0.3286,288.4732,-174.9384,3,10,1.6490,496,427,251,459,408.2500
49,SMACross,6,19,-0.1341,32.8197,66,23,43,0.3485,276.6691,-174.2999,5,7,1.5873,447,373,170,474,366.0000
50,SMACross,6,20,0.0145,22.1866,61,21,40,0.3443,308.0776,-151.9778,3,6,2.0271,259,123,185,317,221.0000
51,SMACross,6,21,0.0478,21.2859,57,19,38,0.3333,341.0802,-150.8688,3,8,2.2608,204,107,217,193,180.2500
52,SMACross,6,22,0.0217,22.1687,54,19,35,0.3519,319.8591,-159.8803,4,8,2.0006,244,122,157,326,212.2500
53,SMACross,6,23,0.0131,21.4441,54,19,35,0.3519,320.7265,-162.8549,4,8,1.9694,260,111,157,342,217.5000
54,SMACross,6,24,0.0110,21.2100,54,16,38,0.2963,371.4641,-147.0776,3,10,2.5256,264,106,424,82,219.0000
55,SMACross,6,25,-0.0714,29.1325,51,17,34,0.3333,345.5645,-187.1634,3,10,1.8463,379,282,217,388,316.5000
56,SMACross,6,26,-0.0284,25.9440,48,17,31,0.3542,337.6199,-198.3292,3,6,1.7023,327,202,149,440,279.5000
57,SMACross,6,27,0.0154,24.7302,48,17,31,0.3542,353.2258,-191.6304,3,6,1.8433,258,172,149,392,242.7500
58,SMACross,6,28,-0.1198,35.1446,50,18,32,0.3600,327.8028,-221.8412,3,7,1.4776,431,447,129,498,376.2500
59,SMACross,6,29,-0.0510,31.0011,48,15,33,0.3125,407.9956,-203.4377,2,6,2.0055,359,324,336,323,335.5000
60,SMACross,6,30,0.0103,28.3328,47,15,32,0.3191,396.8840,-185.6048,2,6,2.1383,266,258,303,251,269.5000
61,SMACross,6,31,0.0195,27.4270,48,15,33,0.3125,395.6722,-176.6561,2,6,2.2398,247,238,336,206,256.7500
62,SMACross,6,32,0.0117,30.7716,49,14,35,0.2857,429.4240,-170.9706,2,6,2.5117,262,321,454,84,280.2500
63,SMACross,6,33,-0.0072,31.8976,46,14,32,0.3043,408.5493,-183.7339,2,6,2.2236,299,349,380,214,310.5000
64,SMACross,6,34,0.0475,28.3768,48,15,33,0.3125,396.0210,-168.4320,2,7,2.3512,205,260,336,139,235.0000
65,SMACross,6,35,0.0445,29.8385,48,15,33,0.3125,411.3503,-176.2735,2,7,2.3336,214,294,336,151,248.7500
66,SMACross,6,36,0.0420,27.1147,47,14,33,0.2979,426.1594,-170.8625,3,6,2.4942,219,229,415,89,238.0000
67,SMACross,6,37,0.0458,26.9278,45,15,30,0.3333,400.6413,-188.1311,3,6,2.1296,211,221,217,255,226.0000
68,SMACross,6,38,0.0459,27.6187,44,14,30,0.3182,421.3045,-184.3799,3,8,2.2850,210,241,307,177,233.7500
69,SMACross,6,39,0.0332,27.8724,42,13,29,0.3095,436.3339,-187.3090,3,8,2.3295,234,247,353,154,247.0000
70,SMACross,6,40,0.0183,29.9100,43,13,30,0.3023,442.4661,-188.6405,3,9,2.3456,251,297,393,142,270.7500
71,SMACross,6,41,0.0236,30.7128,40,13,27,0.3250,440.0091,-206.4759,3,7,2.1310,242,316,263,254,268.7500
72,SMACross,6,42,0.0055,31.0550,40,12,28,0.3000,468.7741,-200.4931,2,6,2.3381,271,327,398,147,285.7500
73,SMACross,6,43,-0.0172,31.4694,39,12,27,0.3077,463.6212,-214.0062,2,7,2.1664,308,338,360,243,312.2500
74,SMACross,6,44,-0.0335,32.9803,36,11,25,0.3056,502.7767,-236.3157,2,8,2.1276,336,379,367,257,334.7500
75,SMACross,6,45,-0.0464,32.7405,36,11,25,0.3056,503.4850,-241.7662,2,7,2.0825,352,370,367,283,343.0000
76,SMACross,6,46,-0.0446,32.6005,38,11,27,0.2895,509.5223,-225.6491,2,8,2.2580,348,364,448,196,339.0000
77,SMACross,6,47,-0.0228,31.2914,35,11,24,0.3143,517.6733,-248.5469,2,7,2.0828,317,332,333,282,316.0000
78,SMACross,6,48,-0.0028,29.4224,36,11,25,0.3056,524.5844,-233.6820,2,7,2.2449,293,289,367,204,288.2500
79,SMACross,6,49,0.0604,30.0118,34,10,24,0.2941,606.1914,-229.3274,2,6,2.6433,178,300,428,53,239.7500
80,SMACross,6,50,0.0915,28.8277,34,10,24,0.2941,615.4937,-220.2854,3,8,2.7941,125,274,428,30,214.2500
81,SMACross,7,12,-0.2904,35.4794,110,39,71,0.3545,166.4684,-129.7731,4,14,1.2828,525,459,148,528,415.0000
82,SMACross,7,13,-0.3573,42.2075,100,36,64,0.3600,177.9793,-153.3576,3,10,1.1606,535,534,129,533,432.7500
83,SMACross,7,14,-0.3715,41.6600,90,31,59,0.3444,202.0868,-166.4043,4,9,1.2144,536,533,184,531,446.0000
84,SMACross,7,15,-0.3251,40.8907,84,26,58,0.3095,253.9134,-166.8736,3,11,1.5216,530,529,353,491,475.7500
85,SMACross,7,16,-0.2590,36.1128,77,22,55,0.2857,331.5713,-176.2461,3,9,1.8813,516,475,454,374,454.7500
86,SMACross,7,17,-0.1961,30.4539,72,22,50,0.3056,311.5827,-172.1824,3,8,1.8096,507,309,367,404,396.7500
87,SMACross,7,18,-0.1474,26.0819,68,24,44,0.3529,282.4717,-182.5891,3,7,1.5470,464,206,153,489,328.0000
88,SMACross,7,19,-0.0143,22.8959,63,22,41,0.3492,292.1125,-154.0398,4,7,1.8963,305,134,166,369,243.5000
89,SMACross,7,20,0.0314,20.9336,58,20,38,0.3448,323.2549,-154.8849,3,6,2.0871,237,101,180,279,199.2500
90,SMACross,7,21,0.0706,21.3541,56,20,36,0.3571,329.2509,-155.6696,3,6,2.1151,159,108,137,263,166.7500
91,SMACross,7,22,0.1085,20.7432,52,20,32,0.3846,323.6324,-159.3862,4,5,2.0305,94,100,61,313,142.0000
92,SMACross,7,23,0.0770,20.6462,52,19,33,0.3654,337.7840,-162.6996,3,5,2.0761,149,98,121,290,164.5000
93,SMACross,7,24,0.0590,20.0661,52,18,34,0.3462,344.7284,-156.8830,3,5,2.1974,182,88,177,227,168.5000
94,SMACross,7,25,0.0830,19.6923,49,17,32,0.3469,371.6359,-162.7973,3,5,2.2828,140,78,174,178,142.5000
95,SMACross,7,26,0.0759,18.3717,49,15,34,0.3061,405.3128,-159.2955,3,6,2.5444,152,47,366,78,160.7500
96,SMACross,7,27,0.0812,19.9900,47,15,32,0.3191,411.1004,-170.3220,3,6,2.4137,142,86,303,113,161.0000
97,SMACross,7,28,0.1436,18.2327,46,16,30,0.3478,413.8826,-176.2391,2,5,2.3484,69,46,171,140,106.5000
98,SMACross,7,29,0.0191,28.8219,47,14,33,0.2979,461.6634,-192.7919,2,6,2.3946,248,273,415,118,263.5000
99,SMACross,7,30,0.0522,29.2370,46,14,32,0.3043,457.5255,-186.7639,2,6,2.4498,192,285,380,99,239.0000
100,SMACross,7,31,0.0219,29.9162,47,13,34,0.2766,464.0822,-173.6551,2,7,2.6724,243,298,483,45,267.2500
101,SMACross,7,32,0.0242,28.7167,48,13,35,0.2708,458.9177,-166.1231,2,7,2.7625,241,269,495,34,259.7500
102,SMACross,7,33,-0.0046,30.6347,48,13,35,0.2708,430.6601,-162.5118,3,10,2.6500,295,313,495,50,288.2500
103,SMACross,7,34,0.0212,29.1159,44,13,31,0.2955,439.1086,-178.7379,3,7,2.4567,245,281,425,98,262.2500
104,SMACross,7,35,0.0248,28.6678,44,13,31,0.2955,439.9598,-177.9224,3,7,2.4728,240,268,425,93,256.5000
105,SMACross,7,36,0.0373,27.7118,43,14,29,0.3256,409.5115,-186.3696,4,7,2.1973,228,243,261,228,240.0000
106,SMACross,7,37,0.0625,27.0770,42,14,28,0.3333,414.7405,-186.6944,4,8,2.2215,173,227,217,217,208.5000
107,SMACross,7,38,0.0573,28.2459,41,14,27,0.3415,422.2337,-199.4192,4,5,2.1173,189,254,207,262,228.0000
108,SMACross,7,39,0.0126,29.7302,40,13,27,0.3250,438.9521,-208.2947,3,5,2.1074,261,292,263,268,271.0000
109,SMACross,7,40,0.0369,28.7670,38,13,25,0.3421,445.4382,-218.6537,3,5,2.0372,229,272,196,309,251.5000
110,SMACross,7,41,0.0202,30.4381,38,12,26,0.3158,493.0844,-221.4929,2,5,2.2262,246,308,319,211,271.0000
111,SMACross,7,42,0.0032,31.3556,34,10,24,0.2941,576.7580,-240.7859,2,5,2.3953,277,334,428,117,289.0000
112,SMACross,7,43,0.0017,31.2690,36,11,25,0.3056,541.4500,-239.3024,2,6,2.2626,280,330,367,192,292.2500
113,SMACross,7,44,0.0465,31.2699,34,11,23,0.3235,575.5204,-257.0081,3,6,2.2393,208,331,277,207,255.7500
114,SMACross,7,45,-0.0270,33.4750,34,11,23,0.3235,536.5210,-270.1739,3,7,1.9858,324,393,277,332,331.5000
115,SMACross,7,46,0.0023,33.7149,34,11,23,0.3235,567.5665,-272.3405,3,7,2.0840,279,403,277,281,310.0000
116,SMACross,7,47,0.0796,28.5942,32,11,21,0.3438,568.9709,-262.3694,3,6,2.1686,145,265,187,242,209.7500
117,SMACross,7,48,0.0506,28.2977,33,10,23,0.3030,599.1505,-240.4703,3,7,2.4916,197,257,382,91,231.7500
118,SMACross,7,49,0.0589,28.9347,33,11,22,0.3333,534.6311,-242.6229,3,6,2.2035,183,278,217,223,225.2500
119,SMACross,7,50,0.0387,31.0307,32,11,21,0.3438,521.0876,-256.6865,3,6,2.0301,224,326,187,314,262.7500
120,SMACross,8,13,-0.3539,41.6598,103,30,73,0.2913,210.5730,-132.7248,3,11,1.5865,534,532,440,475,495.2500
121,SMACross,8,14,-0.3226,38.7321,94,30,64,0.3191,225.1631,-153.2119,4,11,1.4696,529,516,303,503,462.7500
122,SMACross,8,15,-0.2588,39.1167,86,27,59,0.3140,265.1296,-161.9376,4,9,1.6372,515,522,335,464,459.0000
123,SMACross,8,16,-0.2017,34.3847,82,26,56,0.3171,276.4136,-160.6699,4,10,1.7204,508,424,313,433,419.5000
124,SMACross,8,17,-0.1221,29.8499,72,27,45,0.3750,250.0568,-172.1143,4,6,1.4529,434,295,91,508,332.0000
125,SMACross,8,18,-0.0515,25.4001,67,24,43,0.3582,282.9330,-164.1689,4,7,1.7234,361,190,136,431,279.5000
126,SMACross,8,19,0.0713,19.3772,61,22,39,0.3607,319.3623,-154.7501,3,7,2.0637,157,73,128,296,163.5000
127,SMACross,8,20,0.0707,18.9298,56,23,33,0.4107,305.6106,-183.1706,3,6,1.6684,158,67,24,451,175.0000
128,SMACross,8,21,0.0911,19.7527,53,20,33,0.3774,345.8909,-173.4699,3,5,1.9940,128,79,87,330,156.0000
129,SMACross,8,22,0.0318,20.6087,52,21,31,0.4038,297.7589,-182.8404,3,5,1.6285,236,97,29,466,207.0000
130,SMACross,8,23,0.0875,19.7925,50,21,29,0.4200,317.5252,-190.0526,3,5,1.6707,133,80,13,449,168.7500
131,SMACross,8,24,0.2102,17.3264,50,19,31,0.3800,388.1751,-159.7547,2,5,2.4298,27,33,75,108,60.7500
132,SMACross,8,25,0.1876,15.6756,48,17,31,0.3542,409.6620,-154.2253,2,4,2.6563,37,17,149,48,62.7500
133,SMACross,8,26,0.0890,19.5332,49,16,33,0.3265,413.7688,-165.1497,2,4,2.5054,131,77,258,85,137.7500
134,SMACross,8,27,0.1084,17.3736,48,16,32,0.3333,384.9748,-158.5988,2,6,2.4273,95,34,217,109,113.7500
135,SMACross,8,28,0.1438,18.7619,45,16,29,0.3556,398.0654,-170.0247,3,5,2.3412,68,62,144,144,104.5000
136,SMACross,8,29,0.1384,18.4062,44,14,30,0.3182,453.0339,-166.9283,2,5,2.7139,71,48,307,40,116.5000
137,SMACross,8,30,0.1900,19.3383,43,15,28,0.3488,423.2579,-160.7411,3,6,2.6332,35,71,167,58,82.7500
138,SMACross,8,31,0.1804,20.2476,42,15,27,0.3571,393.7242,-153.8319,3,6,2.5594,46,90,137,76,87.2500
139,SMACross,8,32,0.0468,28.6173,43,16,27,0.3721,359.0297,-197.1020,3,6,1.8215,207,267,101,400,243.7500
140,SMACross,8,33,0.0640,28.2510,42,15,27,0.3571,393.1941,-196.4507,4,7,2.0015,171,255,137,325,222.0000
141,SMACross,8,34,0.0475,28.5711,41,16,25,0.3902,365.4210,-216.7044,4,7,1.6863,206,263,48,446,240.7500
142,SMACross,8,35,0.0583,28.8963,40,15,25,0.3750,397.6325,-217.0977,4,6,1.8316,186,277,91,395,237.2500
143,SMACross,8,36,0.0165,29.1961,42,15,27,0.3571,375.8658,-204.3228,4,6,1.8396,254,283,137,393,266.7500
144,SMACross,8,37,-0.0107,30.8282,39,15,24,0.3846,369.3365,-237.0682,4,5,1.5579,301,322,61,486,292.5000
145,SMACross,8,38,0.0168,31.0174,41,15,26,0.3659,404.6648,-228.6965,3,6,1.7694,253,325,116,423,279.2500
146,SMACross,8,39,-0.0310,31.3677,38,11,27,0.2895,487.5457,-212.8999,2,6,2.2900,333,336,448,174,322.7500
147,SMACross,8,40,-0.0569,32.8399,36,10,26,0.2778,506.2366,-218.1530,2,7,2.3206,367,374,476,160,344.2500
148,SMACross,8,41,-0.0226,31.9660,34,10,24,0.2941,525.6125,-231.6013,2,7,2.2695,316,351,428,188,320.7500
149,SMACross,8,42,0.0091,31.6840,33,10,23,0.3030,581.2015,-252.1406,2,6,2.3051,269,344,382,168,290.7500
150,SMACross,8,43,0.0276,30.8556,33,10,23,0.3030,586.9073,-246.6544,2,6,2.3795,238,323,382,123,266.5000
151,SMACross,8,44,0.0460,30.5072,32,10,22,0.3125,586.4992,-249.3526,2,6,2.3521,209,311,336,137,248.2500
152,SMACross,8,45,0.0492,29.2121,31,11,20,0.3548,525.4875,-268.5037,3,6,1.9571,200,284,145,346,243.7500
153,SMACross,8,46,-0.0115,33.7379,34,10,24,0.2941,568.5820,-244.8873,3,9,2.3218,303,404,428,158,323.2500
154,SMACross,8,47,0.0439,29.0945,33,11,22,0.3333,509.0249,-238.2593,3,8,2.1364,217,280,217,252,241.5000
155,SMACross,8,48,0.0451,29.2906,31,10,21,0.3226,557.4322,-247.8208,3,7,2.2493,213,287,282,202,246.0000
156,SMACross,8,49,0.0100,30.0720,31,10,21,0.3226,538.1582,-255.2536,3,7,2.1083,267,303,282,266,279.5000
157,SMACross,8,50,0.0001,30.7093,30,10,20,0.3333,514.5249,-261.0744,3,7,1.9708,283,315,217,340,288.7500
158,SMACross,9,14,-0.2934,36.7577,96,27,69,0.2812,244.1658,-135.3459,4,12,1.8040,526,488,469,408,472.7500
159,SMACross,9,15,-0.2238,37.2074,88,33,55,0.3750,220.0409,-168.9769,4,7,1.3022,512,492,91,525,405.0000
160,SMACross,9,16,-0.1672,33.3905,80,30,50,0.3750,256.6169,-182.9882,3,6,1.4024,488,392,91,512,370.7500
161,SMACross,9,17,-0.0724,29.0280,75,31,44,0.4133,232.1023,-174.3941,3,6,1.3309,381,279,22,517,299.7500
162,SMACross,9,18,0.0480,20.3654,64,28,36,0.4375,254.2474,-176.7011,3,4,1.4389,203,92,7,509,202.7500
163,SMACross,9,19,0.0844,19.2900,60,22,38,0.3667,329.9622,-161.2495,3,6,2.0463,137,70,111,304,155.5000
164,SMACross,9,20,0.0759,20.5892,57,19,38,0.3333,394.4389,-169.7403,2,6,2.3238,151,96,217,157,155.2500
165,SMACross,9,21,0.0575,21.7194,55,18,37,0.3273,361.0355,-152.5044,2,7,2.3674,187,115,253,132,171.7500
166,SMACross,9,22,0.0749,19.3920,54,18,36,0.3333,367.3008,-154.9140,2,6,2.3710,153,75,217,130,143.7500
167,SMACross,9,23,0.1849,15.0148,48,17,31,0.3542,408.3926,-154.1740,2,6,2.6489,41,13,149,51,63.5000
168,SMACross,9,24,0.2029,15.5810,49,19,30,0.3878,368.4159,-155.0717,2,6,2.3758,28,15,52,129,56.0000
169,SMACross,9,25,0.2269,15.0148,47,18,29,0.3830,381.2301,-147.1478,2,5,2.5908,22,12,67,68,42.2500
170,SMACross,9,26,0.1809,16.7052,48,18,30,0.3750,353.4076,-141.3109,2,5,2.5009,45,23,91,87,61.5000
171,SMACross,9,27,0.1287,18.9432,45,17,28,0.3778,351.0406,-168.9080,2,4,2.0783,75,68,84,289,129.0000
172,SMACross,9,28,0.1850,19.8178,43,17,26,0.3953,397.8822,-189.0139,3,4,2.1050,40,83,40,271,108.5000
173,SMACross,9,29,0.1168,21.1947,41,15,26,0.3659,376.3839,-174.0898,3,4,2.1620,86,105,116,245,138.0000
174,SMACross,9,30,0.1154,22.8156,41,15,26,0.3659,362.0673,-166.3541,3,7,2.1765,88,132,116,236,143.0000
175,SMACross,9,31,0.1766,21.5929,40,15,25,0.3750,388.9288,-164.7515,4,7,2.3607,49,113,91,133,96.5000
176,SMACross,9,32,0.1516,23.4388,41,15,26,0.3659,389.2847,-169.7063,4,8,2.2939,62,148,116,173,124.7500
177,SMACross,9,33,-0.0234,33.5583,41,13,28,0.3171,412.1677,-202.4414,3,8,2.0360,318,396,313,311,334.5000
178,SMACross,9,34,-0.0276,32.1400,40,13,27,0.3250,406.2619,-208.6450,3,7,1.9471,326,355,263,354,324.5000
179,SMACross,9,35,-0.0362,33.6303,40,12,28,0.3000,454.9019,-210.5695,2,7,2.1603,339,402,398,246,346.2500
180,SMACross,9,36,-0.0143,33.2133,37,12,25,0.3243,466.9817,-232.9411,2,6,2.0047,306,384,269,324,320.7500
181,SMACross,9,37,-0.0380,33.5989,39,12,27,0.3077,460.9501,-221.7197,2,6,2.0790,343,399,360,288,347.5000
182,SMACross,9,38,-0.0377,34.5240,36,12,24,0.3333,458.7629,-248.1922,2,6,1.8484,341,429,217,387,343.5000
183,SMACross,9,39,-0.0725,35.5218,36,11,25,0.3056,487.3294,-246.2951,2,7,1.9786,383,461,367,333,386.0000
184,SMACross,9,40,-0.0499,33.7584,35,10,25,0.2857,519.0522,-230.5469,2,7,2.2514,356,406,454,201,354.2500
185,SMACross,9,41,-0.0224,33.5199,34,10,24,0.2941,549.7415,-241.5391,2,7,2.2760,315,395,428,183,330.2500
186,SMACross,9,42,-0.0429,34.5380,34,10,24,0.2941,534.6737,-243.7513,2,6,2.1935,346,430,428,230,358.5000
187,SMACross,9,43,-0.0179,32.4760,33,10,23,0.3030,537.3357,-244.7148,2,6,2.1958,309,363,382,229,320.7500
188,SMACross,9,44,0.0188,31.6831,31,10,21,0.3226,550.6128,-257.0101,2,5,2.1424,249,343,282,250,281.0000
189,SMACross,9,45,-0.0006,32.1481,31,11,20,0.3548,497.0374,-277.5379,3,5,1.7909,287,356,145,412,300.0000
190,SMACross,9,46,-0.0256,33.6152,31,10,21,0.3226,529.1304,-267.7639,3,6,1.9761,322,401,282,338,335.7500
191,SMACross,9,47,-0.0042,32.4109,32,11,21,0.3438,500.0064,-265.5009,3,7,1.8833,294,361,187,373,303.7500
192,SMACross,9,48,-0.0271,32.9266,32,10,22,0.3125,535.3051,-257.1182,3,7,2.0819,325,377,336,284,330.5000
193,SMACross,9,49,0.0566,27.0253,32,10,22,0.3125,530.2436,-216.9075,3,7,2.4446,191,226,336,101,213.5000
194,SMACross,9,50,0.0105,30.7537,30,12,18,0.4000,438.7568,-288.5743,3,4,1.5204,265,319,30,492,276.5000
195,SMACross,10,15,-0.0950,34.3245,91,35,56,0.3846,235.0503,-160.2124,3,7,1.4671,406,423,61,505,348.7500
196,SMACross,10,16,-0.0598,29.2569,83,35,48,0.4217,240.0545,-183.0706,3,6,1.3113,371,286,12,521,297.5000
197,SMACross,10,17,0.0049,25.5598,80,36,44,0.4500,213.8115,-167.7630,4,6,1.2745,272,196,2,529,249.7500
198,SMACross,10,18,0.1031,21.0958,70,25,45,0.3571,330.0399,-153.9474,3,6,2.1438,104,103,137,249,148.2500
199,SMACross,10,19,0.0988,23.8522,58,20,38,0.3448,390.3794,-171.7892,2,6,2.2724,111,155,180,186,158.0000
200,SMACross,10,20,0.0001,25.3448,60,19,41,0.3167,379.8889,-170.4970,2,6,2.2281,284,189,318,210,250.2500
201,SMACross,10,21,0.0744,17.4156,56,18,38,0.3214,406.3039,-166.4794,2,5,2.4406,154,35,297,103,147.2500
202,SMACross,10,22,0.0517,19.8031,53,16,37,0.3019,395.8283,-150.7721,2,6,2.6253,195,81,396,60,183.0000
203,SMACross,10,23,0.0870,18.8647,52,19,33,0.3654,345.2349,-164.9653,2,5,2.0928,134,65,121,276,149.0000
204,SMACross,10,24,0.1336,18.8647,49,19,30,0.3878,348.4759,-167.6153,2,5,2.0790,72,63,52,287,118.5000
205,SMACross,10,25,0.1284,18.8647,47,18,29,0.3830,347.8834,-162.8554,2,5,2.1361,77,64,67,253,115.2500
206,SMACross,10,26,0.1799,18.8647,46,18,28,0.3913,368.9249,-163.4009,2,5,2.2578,47,66,46,197,89.0000
207,SMACross,10,27,0.1839,20.4795,46,15,31,0.3261,457.8759,-155.5339,2,5,2.9439,43,94,259,16,103.0000
208,SMACross,10,28,0.0452,26.3183,42,13,29,0.3095,418.4068,-174.7921,3,7,2.3937,212,212,353,119,224.0000
209,SMACross,10,29,0.0924,25.7939,42,13,29,0.3095,443.3523,-169.8125,3,7,2.6108,123,199,353,65,185.0000
210,SMACross,10,30,0.0810,27.6693,40,13,27,0.3250,439.5762,-184.7643,3,7,2.3791,143,242,263,124,193.0000
211,SMACross,10,31,0.1007,24.7514,41,13,28,0.3171,439.9350,-171.3279,3,7,2.5678,109,174,313,74,167.5000
212,SMACross,10,32,0.0763,25.6875,42,14,28,0.3333,409.8621,-180.6596,3,6,2.2687,150,198,217,189,188.5000
213,SMACross,10,33,0.1031,25.3079,40,13,27,0.3250,454.8878,-184.0152,2,6,2.4720,103,187,263,94,161.7500
214,SMACross,10,34,0.0506,26.5327,38,12,26,0.3158,474.1987,-202.5561,2,6,2.3411,198,214,319,145,219.0000
215,SMACross,10,35,0.0264,28.1701,38,12,26,0.3158,477.1986,-213.1670,2,6,2.2386,239,253,319,208,254.7500
216,SMACross,10,36,0.0481,27.7313,38,12,26,0.3158,490.2225,-209.1262,2,6,2.3441,202,244,319,143,227.0000
217,SMACross,10,37,0.0386,27.5313,38,12,26,0.3158,489.8521,-212.5698,2,6,2.3044,225,239,319,169,238.0000
218,SMACross,10,38,-0.0613,36.0391,38,12,26,0.3158,484.1023,-248.2205,2,6,1.9503,372,472,319,352,378.7500
219,SMACross,10,39,-0.0422,35.4737,34,11,23,0.3235,516.1784,-266.6186,2,6,1.9360,344,458,277,359,359.5000
220,SMACross,10,40,-0.0450,35.6517,35,10,25,0.2857,555.2803,-241.4030,2,8,2.3002,350,464,454,171,359.7500
221,SMACross,10,41,-0.0764,37.8992,35,10,25,0.2857,547.3116,-250.7190,2,7,2.1830,387,508,454,235,396.0000
222,SMACross,10,42,-0.0593,36.1872,33,10,23,0.3030,546.8044,-264.9013,2,5,2.0642,370,478,382,294,381.0000
223,SMACross,10,43,-0.0372,34.4666,31,10,21,0.3226,550.1840,-281.2596,2,5,1.9561,340,426,282,348,349.0000
224,SMACross,10,44,-0.0496,34.5228,31,10,21,0.3226,521.2947,-273.3566,2,5,1.9070,355,428,282,365,357.5000
225,SMACross,10,45,-0.0708,34.1107,33,10,23,0.3030,492.1811,-246.1287,2,5,1.9997,378,417,382,327,376.0000
226,SMACross,10,46,-0.1052,36.3247,30,10,20,0.3333,471.9810,-290.1137,3,5,1.6269,415,481,217,467,395.0000
227,SMACross,10,47,-0.1111,36.3831,33,10,23,0.3030,474.7842,-256.0229,3,7,1.8545,423,483,382,382,417.5000
228,SMACross,10,48,0.0861,27.1242,31,12,19,0.3871,443.2234,-236.5291,3,5,1.8739,136,230,54,376,199.0000
229,SMACross,10,49,0.1038,26.9553,31,13,18,0.4194,435.3866,-258.8343,3,4,1.6821,100,222,15,447,196.0000
230,SMACross,10,50,0.0656,27.0238,31,12,19,0.3871,437.0044,-243.3749,3,4,1.7956,166,225,54,410,213.7500
231,SMACross,11,16,0.0574,27.2813,89,38,51,0.4270,231.3750,-156.8157,7,8,1.4755,188,233,9,500,232.5000
232,SMACross,11,17,0.0722,22.1021,80,27,53,0.3375,300.1329,-135.0540,3,8,2.2223,155,119,215,215,176.0000
233,SMACross,11,18,0.1606,20.4517,73,27,46,0.3699,310.5993,-147.3930,3,7,2.1073,58,93,105,269,131.2500
234,SMACross,11,19,0.1870,20.1730,64,22,42,0.3438,357.7469,-136.4720,2,7,2.6214,38,89,187,61,93.7500
235,SMACross,11,20,0.1179,20.0092,62,18,44,0.2903,400.4913,-131.3032,3,7,3.0501,84,87,442,8,155.2500
236,SMACross,11,21,0.1794,16.5303,57,21,36,0.3684,357.0525,-151.6080,4,6,2.3551,48,22,107,136,78.2500
237,SMACross,11,22,0.2411,15.0147,51,18,33,0.3529,382.6078,-127.7872,3,7,2.9941,20,8,153,13,48.5000
238,SMACross,11,23,0.2469,15.0147,52,17,35,0.3269,411.5330,-129.3448,2,5,3.1817,15,9,255,5,71.0000
239,SMACross,11,24,0.1888,15.0147,52,17,35,0.3269,396.6238,-138.7128,2,5,2.8593,36,5,255,26,80.5000
240,SMACross,11,25,0.2272,15.0147,50,18,32,0.3600,389.2538,-139.9408,2,4,2.7816,21,11,129,32,48.2500
241,SMACross,11,26,0.3965,15.0147,46,17,29,0.3696,484.8600,-137.4583,2,4,3.5273,1,5,106,3,28.7500
242,SMACross,11,27,0.2421,21.3965,47,17,30,0.3617,415.0546,-154.4880,2,5,2.6866,19,110,125,43,74.2500
243,SMACross,11,28,0.1447,21.8769,46,15,31,0.3261,416.5870,-154.9014,3,6,2.6894,67,116,259,42,121.0000
244,SMACross,11,29,0.1174,25.1311,41,13,28,0.3171,449.5522,-169.8906,3,6,2.6461,85,182,313,52,158.0000
245,SMACross,11,30,0.0880,25.5293,40,13,27,0.3250,439.4129,-180.3390,3,6,2.4366,132,195,263,105,173.7500
246,SMACross,11,31,0.0932,24.2442,38,13,25,0.3421,432.8852,-189.2785,2,5,2.2870,121,163,196,176,164.0000
247,SMACross,11,32,0.1212,23.1953,40,12,28,0.3000,486.3181,-166.4798,2,7,2.9212,83,145,398,19,161.2500
248,SMACross,11,33,0.1233,22.5380,39,13,26,0.3333,441.6862,-174.8555,2,5,2.5260,81,128,217,81,126.7500
249,SMACross,11,34,0.0607,25.4771,39,13,26,0.3333,432.7693,-194.4285,2,5,2.2259,176,192,217,212,199.2500
250,SMACross,11,35,0.0397,27.9168,38,12,26,0.3158,479.6320,-207.4333,2,6,2.3122,222,250,319,164,238.7500
251,SMACross,11,36,0.0976,25.9612,38,13,25,0.3421,469.7323,-206.7104,3,6,2.2724,113,203,196,187,174.7500
252,SMACross,11,37,0.0699,26.9127,37,12,25,0.3243,506.0549,-216.3665,3,5,2.3389,161,219,269,146,198.7500
253,SMACross,11,38,0.0596,27.3206,37,12,25,0.3243,491.0223,-213.2825,3,5,2.3022,181,234,269,170,213.5000
254,SMACross,11,39,0.0798,26.4616,36,11,25,0.3056,513.6214,-195.5183,3,5,2.6270,144,213,367,59,195.7500
255,SMACross,11,40,0.0648,26.2016,33,10,23,0.3030,565.4334,-219.2093,2,5,2.5794,168,209,382,70,207.2500
256,SMACross,11,41,-0.0840,35.1738,31,9,22,0.2903,553.5528,-266.0254,2,5,2.0808,391,448,442,286,391.7500
257,SMACross,11,42,-0.0971,34.9043,32,10,22,0.3125,474.1962,-261.0407,2,5,1.8166,408,440,336,403,396.7500
258,SMACross,11,43,-0.0688,33.4956,31,10,21,0.3226,484.5976,-265.0211,2,5,1.8285,377,394,282,396,362.2500
259,SMACross,11,44,-0.0857,33.5852,30,11,19,0.3667,435.5769,-292.9721,3,4,1.4868,395,397,111,496,349.7500
260,SMACross,11,45,-0.0112,30.3042,30,11,19,0.3667,450.6443,-262.1695,3,4,1.7189,302,307,111,434,288.5000
261,SMACross,11,46,-0.0540,34.1899,30,11,19,0.3667,436.6893,-276.8118,3,5,1.5776,363,420,111,479,343.2500
262,SMACross,11,47,0.0157,29.5452,30,12,18,0.4000,414.6409,-262.6721,3,4,1.5785,256,291,30,478,263.7500
263,SMACross,11,48,-0.0716,33.3341,30,9,21,0.3000,512.5877,-249.8139,3,6,2.0519,380,387,398,300,366.2500
264,SMACross,11,49,-0.0183,30.0311,30,9,21,0.3000,531.4027,-232.2926,3,5,2.2876,310,301,398,175,296.0000
265,SMACross,11,50,-0.0238,29.7304,32,11,21,0.3438,424.9995,-229.8112,2,5,1.8493,320,293,187,386,296.5000
266,SMACross,12,17,0.0617,26.1102,86,29,57,0.3372,260.3702,-118.3770,3,10,2.1995,174,208,216,224,205.5000
267,SMACross,12,18,0.1819,20.5731,76,25,51,0.3289,320.2496,-121.3274,3,7,2.6395,44,95,250,56,111.2500
268,SMACross,12,19,0.1616,17.7840,68,22,46,0.3235,341.0901,-123.5667,2,7,2.7604,57,37,277,35,101.5000
269,SMACross,12,20,0.1744,17.1765,64,21,43,0.3281,356.9571,-128.0661,2,7,2.7873,52,31,252,31,91.5000
270,SMACross,12,21,0.1148,16.9683,60,18,42,0.3000,402.5834,-140.5355,2,7,2.8646,91,26,398,25,135.0000
271,SMACross,12,22,0.2142,15.0147,55,18,37,0.3273,443.0048,-151.8607,2,6,2.9172,26,9,253,20,77.0000
272,SMACross,12,23,0.2846,15.0147,48,19,29,0.3958,354.7075,-134.2447,3,5,2.6422,9,7,39,54,27.2500
273,SMACross,12,24,0.1968,15.0145,49,17,32,0.3469,390.5913,-139.4423,2,5,2.8011,31,4,174,29,59.5000
274,SMACross,12,25,0.2792,15.7594,47,18,29,0.3830,427.1240,-161.0749,3,7,2.6517,10,18,67,49,36.0000
275,SMACross,12,26,0.2981,17.6658,43,14,29,0.3256,519.8816,-140.3234,2,5,3.7049,7,36,261,1,76.2500
276,SMACross,12,27,0.2463,21.3962,44,13,31,0.2955,558.1510,-154.5962,2,6,3.6104,16,109,425,2,138.0000
277,SMACross,12,28,0.0815,25.1749,45,13,32,0.2889,442.1884,-154.1846,3,6,2.8679,141,183,453,24,200.2500
278,SMACross,12,29,0.1025,22.1048,43,12,31,0.2791,470.3032,-150.1740,2,6,3.1317,107,120,473,7,176.7500
279,SMACross,12,30,0.0599,23.8911,42,13,29,0.3095,410.6658,-164.6733,3,6,2.4938,180,157,353,90,195.0000
280,SMACross,12,31,0.1038,23.0999,37,12,25,0.3243,479.3152,-190.0370,2,5,2.5222,101,140,269,83,148.2500
281,SMACross,12,32,0.1243,23.1397,37,12,25,0.3243,493.2437,-188.5476,2,5,2.6160,80,143,269,63,138.7500
282,SMACross,12,33,0.1033,24.0342,38,13,25,0.3421,452.2826,-195.3568,3,5,2.3152,102,161,196,162,155.2500
283,SMACross,12,34,0.0498,26.1072,38,12,26,0.3158,492.6927,-204.6287,2,6,2.4077,199,207,319,114,209.7500
284,SMACross,12,35,0.0830,25.4804,38,13,25,0.3421,481.1296,-213.1218,3,6,2.2575,139,193,196,198,181.5000
285,SMACross,12,36,0.0914,24.7056,38,14,24,0.3684,440.2703,-214.6641,3,5,2.0510,127,171,107,301,176.5000
286,SMACross,12,37,0.0323,26.0780,38,12,26,0.3158,474.1427,-202.8606,3,5,2.3373,235,205,319,149,227.0000
287,SMACross,12,38,0.0444,24.9431,38,12,26,0.3158,462.1873,-192.6648,3,5,2.3989,215,176,319,116,206.5000
288,SMACross,12,39,-0.0024,27.3381,39,10,29,0.2564,541.0750,-184.3356,3,9,2.9353,291,235,514,17,264.2500
289,SMACross,12,40,-0.1070,34.9179,34,9,25,0.2647,557.8331,-240.4150,2,8,2.3203,418,442,505,161,381.5000
290,SMACross,12,41,-0.1464,35.7887,32,9,23,0.2812,499.2242,-255.6716,2,7,1.9526,461,466,469,351,436.7500
291,SMACross,12,42,-0.1011,34.7963,33,9,24,0.2727,520.2481,-233.8632,2,7,2.2246,410,434,489,213,386.5000
292,SMACross,12,43,-0.1031,34.8214,33,9,24,0.2727,518.8305,-234.1984,2,7,2.2153,412,435,489,220,389.0000
293,SMACross,12,44,-0.0729,32.8830,31,10,21,0.3226,467.5875,-253.4576,3,5,1.8448,385,376,282,391,358.5000
294,SMACross,12,45,-0.0500,30.7573,32,10,22,0.3125,455.2253,-225.7879,3,5,2.0162,357,320,336,318,332.7500
295,SMACross,12,46,-0.1092,34.2907,32,10,22,0.3125,439.1948,-245.6749,3,5,1.7877,421,422,336,416,398.7500
296,SMACross,12,47,-0.0058,28.0675,31,10,21,0.3226,459.2310,-217.2239,3,6,2.1141,297,251,282,265,273.7500
297,SMACross,12,48,-0.0132,28.5026,31,12,19,0.3871,411.9368,-262.4685,3,4,1.5695,304,261,54,481,275.0000
298,SMACross,12,49,-0.0056,28.8696,31,10,21,0.3226,465.7824,-220.2491,2,4,2.1148,296,276,282,264,279.5000
299,SMACross,12,50,-0.0295,28.3336,29,9,20,0.3103,487.2813,-229.7181,2,5,2.1212,329,259,351,259,299.5000
300,SMACross,13,18,0.1955,19.3934,81,28,53,0.3457,268.8407,-105.1340,4,8,2.5571,32,76,179,77,91.0000
301,SMACross,13,19,0.1710,17.1613,74,23,51,0.3108,321.5270,-111.4754,3,8,2.8843,54,30,350,22,114.0000
302,SMACross,13,20,0.1517,18.5363,64,19,45,0.2969,381.8605,-127.5296,2,7,2.9943,61,49,423,12,136.2500
303,SMACross,13,21,0.1858,15.3607,63,19,44,0.3016,408.8387,-134.3056,2,7,3.0441,39,14,397,9,114.7500
304,SMACross,13,22,0.1972,16.7453,58,21,37,0.3621,358.9652,-150.4440,3,6,2.3860,30,25,124,120,74.7500
305,SMACross,13,23,0.1922,16.7453,54,20,34,0.3704,352.1705,-150.6359,3,5,2.3379,33,24,103,148,77.0000
306,SMACross,13,24,0.1764,18.6292,47,18,29,0.3830,338.4819,-149.2481,3,5,2.2679,51,55,67,190,90.7500
307,SMACross,13,25,0.2519,18.6292,46,18,28,0.3913,380.9695,-154.9514,2,5,2.4586,13,54,46,97,52.5000
308,SMACross,13,26,0.2751,17.9404,45,17,28,0.3778,436.7894,-166.9289,2,4,2.6166,11,39,84,62,49.0000
309,SMACross,13,27,0.1156,23.0161,45,15,30,0.3333,412.6483,-167.7779,2,5,2.4595,87,135,217,96,133.7500
310,SMACross,13,28,0.1262,23.0161,44,15,29,0.3409,401.2274,-164.0240,4,6,2.4462,79,137,211,100,131.7500
311,SMACross,13,29,0.1458,23.0161,42,17,25,0.4048,355.7832,-183.6321,5,5,1.9375,65,136,27,358,146.5000
312,SMACross,13,30,0.0691,24.4325,43,15,28,0.3488,373.2773,-175.3071,4,6,2.1293,162,167,167,256,188.0000
313,SMACross,13,31,0.1065,25.2354,38,13,25,0.3421,475.0375,-200.4738,3,5,2.3696,98,185,196,131,152.5000
314,SMACross,13,32,0.0998,25.2590,37,13,24,0.3514,473.3225,-210.6963,3,5,2.2465,110,186,159,203,164.5000
315,SMACross,13,33,0.1040,23.6907,37,13,24,0.3514,465.0573,-204.4533,3,5,2.2746,99,153,159,185,149.0000
316,SMACross,13,34,0.1116,23.0592,37,14,23,0.3784,433.7069,-211.1503,3,5,2.0540,93,138,82,299,153.0000
317,SMACross,13,35,0.1017,22.7638,38,14,24,0.3684,426.6407,-202.4182,3,5,2.1077,108,130,107,267,153.0000
318,SMACross,13,36,0.0386,23.8974,40,16,24,0.4000,336.4803,-204.3918,3,5,1.6463,226,158,30,461,218.7500
319,SMACross,13,37,-0.0017,24.7398,39,11,28,0.2821,463.2383,-179.3989,2,6,2.5822,289,173,466,69,249.2500
320,SMACross,13,38,-0.1043,32.8619,38,10,28,0.2632,475.5667,-204.2473,2,8,2.3284,414,375,507,155,362.7500
321,SMACross,13,39,-0.1160,33.0773,38,10,28,0.2632,474.0124,-207.9009,2,7,2.2800,427,380,507,180,373.5000
322,SMACross,13,40,-0.1444,35.3551,36,9,27,0.2500,536.2561,-232.0251,2,8,2.3112,460,453,516,165,398.5000
323,SMACross,13,41,-0.1055,34.8601,33,9,24,0.2727,511.3133,-235.4637,2,7,2.1715,416,437,489,240,395.5000
324,SMACross,13,42,-0.0935,34.2691,30,10,20,0.3333,436.8485,-264.8893,2,5,1.6492,404,421,217,458,375.0000
325,SMACross,13,43,-0.0887,34.1263,32,11,21,0.3438,403.2293,-253.1658,2,5,1.5927,398,418,187,473,369.0000
326,SMACross,13,44,-0.0894,33.3741,31,12,19,0.3871,359.7140,-273.9598,2,4,1.3130,399,390,54,520,340.7500
327,SMACross,13,45,-0.0429,31.0680,31,11,20,0.3548,412.0815,-247.7762,2,5,1.6631,345,328,145,453,317.7500
328,SMACross,13,46,-0.0589,34.0776,31,10,21,0.3226,459.3505,-246.5021,2,5,1.8635,369,416,282,378,361.2500
329,SMACross,13,47,0.0111,27.8733,32,11,21,0.3438,429.6613,-219.4587,3,4,1.9578,263,248,187,345,260.7500
330,SMACross,13,48,0.1325,18.7322,30,10,20,0.3333,492.4664,-179.6214,3,4,2.7417,73,61,217,36,96.7500
331,SMACross,13,49,0.1142,20.9950,30,10,20,0.3333,502.0635,-193.5849,3,4,2.5935,92,102,217,67,119.5000
332,SMACross,13,50,0.0834,23.8658,30,10,20,0.3333,481.4577,-198.6715,3,5,2.4234,138,156,217,111,155.5000
333,SMACross,14,19,0.1739,14.6203,77,24,53,0.3117,309.5866,-107.3851,4,8,2.8830,53,2,349,23,106.7500
334,SMACross,14,20,0.1481,16.3172,72,23,49,0.3194,321.7402,-120.7890,3,7,2.6637,64,21,301,46,108.0000
335,SMACross,14,21,0.2441,14.3886,63,24,39,0.3810,330.1923,-140.6149,3,7,2.3482,18,1,73,141,58.2500
336,SMACross,14,22,0.2165,17.9397,59,22,37,0.3729,360.6867,-155.9507,3,6,2.3128,25,38,100,163,81.5000
337,SMACross,14,23,0.2471,17.9404,57,22,35,0.3860,353.4917,-151.5948,3,6,2.3318,14,42,60,152,67.0000
338,SMACross,14,24,0.2262,17.9404,50,21,29,0.4200,360.1773,-182.8267,3,5,1.9700,23,40,13,341,104.2500
339,SMACross,14,25,0.3190,17.9404,45,18,27,0.4000,436.0899,-172.5651,3,5,2.5271,6,41,30,80,39.2500
340,SMACross,14,26,0.1541,19.3623,45,18,27,0.4000,343.6061,-171.9837,3,5,1.9979,60,72,30,328,122.5000
341,SMACross,14,27,0.1305,22.1456,41,16,25,0.3902,389.6268,-197.1546,3,5,1.9763,74,121,48,337,145.0000
342,SMACross,14,28,0.1084,23.1378,44,15,29,0.3409,400.2093,-169.6186,3,5,2.3595,96,142,211,135,146.0000
343,SMACross,14,29,0.0962,23.5619,42,18,24,0.4286,314.5139,-195.7895,4,4,1.6064,115,150,8,471,186.0000
344,SMACross,14,30,0.0954,22.7924,41,15,26,0.3659,380.5822,-182.8581,3,5,2.0813,116,131,116,285,162.0000
345,SMACross,14,31,0.0607,24.9786,38,13,25,0.3421,430.0576,-195.5485,3,5,2.1992,175,177,196,225,193.2500
346,SMACross,14,32,0.0572,24.8865,37,14,23,0.3784,392.8413,-210.1541,3,5,1.8693,190,175,82,377,206.0000
347,SMACross,14,33,0.0987,22.8333,38,13,25,0.3421,436.8549,-183.7632,2,5,2.3773,112,133,196,126,141.7500
348,SMACross,14,34,0.0941,21.8951,37,13,24,0.3514,419.0033,-183.6996,2,5,2.2809,119,117,159,179,143.5000
349,SMACross,14,35,-0.0302,32.0131,38,13,25,0.3421,400.1806,-219.9515,2,5,1.8194,330,352,196,402,320.0000
350,SMACross,14,36,0.0406,25.0659,37,11,26,0.2973,476.5273,-185.7571,2,6,2.5653,221,179,418,75,223.2500
351,SMACross,14,37,-0.0795,31.6796,40,10,30,0.2500,483.2035,-187.3740,2,6,2.5788,389,342,516,71,329.5000
352,SMACross,14,38,-0.0840,31.7609,39,10,29,0.2564,485.5455,-196.2140,2,8,2.4746,392,346,514,92,336.0000
353,SMACross,14,39,-0.1271,33.8477,39,9,30,0.2308,509.8482,-195.1327,2,9,2.6128,440,408,530,64,360.5000
354,SMACross,14,40,-0.1377,35.1944,36,10,26,0.2778,467.0846,-232.3992,2,8,2.0098,454,449,476,321,425.0000
355,SMACross,14,41,-0.0864,34.6334,34,12,22,0.3529,391.7034,-252.6691,2,5,1.5503,396,432,153,487,367.0000
356,SMACross,14,42,-0.1202,35.9425,36,11,25,0.3056,401.3265,-224.4583,2,5,1.7880,432,470,367,414,420.7500
357,SMACross,14,43,-0.0987,34.8590,34,10,24,0.2941,429.0031,-219.6607,2,7,1.9530,409,436,428,350,405.7500
358,SMACross,14,44,-0.0787,32.7891,33,10,23,0.3030,425.2859,-218.8941,2,6,1.9429,388,371,382,355,374.0000
359,SMACross,14,45,-0.0340,28.8631,30,10,20,0.3333,421.7509,-227.5614,2,5,1.8534,337,275,217,383,303.0000
360,SMACross,14,46,-0.0508,31.7498,30,10,20,0.3333,435.7656,-243.0026,2,5,1.7933,358,345,217,411,332.7500
361,SMACross,14,47,0.1028,17.2772,31,12,19,0.3871,378.8224,-184.8038,2,4,2.0499,105,32,54,302,123.2500
362,SMACross,14,48,0.0652,20.6485,30,9,21,0.3000,493.4306,-180.1249,3,6,2.7394,167,99,398,37,175.2500
363,SMACross,14,49,0.0951,21.6153,30,9,21,0.3000,518.9613,-176.8045,2,7,2.9352,117,114,398,18,161.7500
364,SMACross,14,50,0.0895,23.4454,30,9,21,0.3000,507.9553,-174.7547,2,6,2.9067,130,149,398,21,174.5000
365,SMACross,15,20,0.1684,14.7422,75,27,48,0.3600,294.2916,-130.4553,3,7,2.2559,56,3,129,200,97.0000
366,SMACross,15,21,0.1901,15.6169,69,26,43,0.3768,313.2850,-145.2262,3,6,2.1572,34,16,89,247,96.5000
367,SMACross,15,22,0.2259,17.0128,61,24,37,0.3934,344.1550,-162.1724,3,5,2.1222,24,27,41,258,87.5000
368,SMACross,15,23,0.3413,17.0128,56,23,33,0.4107,385.8056,-165.4809,3,5,2.3314,3,28,24,153,52.0000
369,SMACross,15,24,0.2552,18.5799,56,22,34,0.3929,395.4279,-180.8157,3,5,2.1869,12,52,42,232,84.5000
370,SMACross,15,25,0.1765,18.5799,49,20,29,0.4082,337.7565,-172.0857,3,5,1.9627,50,50,26,343,117.2500
371,SMACross,15,26,0.1490,18.5799,45,17,28,0.3778,362.7200,-167.0261,3,6,2.1716,63,50,84,239,109.0000
372,SMACross,15,27,0.0779,22.2690,44,17,27,0.3864,352.7307,-193.2307,3,5,1.8254,148,124,59,397,182.0000
373,SMACross,15,28,0.0869,22.6978,41,17,24,0.4146,341.2940,-205.5339,3,5,1.6605,135,129,21,454,184.7500
374,SMACross,15,29,0.1071,22.4054,41,18,23,0.4390,328.7656,-210.7457,3,4,1.5600,97,126,5,484,178.0000
375,SMACross,15,30,0.0915,23.9342,40,15,25,0.3750,388.7908,-196.6790,2,4,1.9768,126,159,91,336,178.0000
376,SMACross,15,31,0.0513,24.3233,37,12,25,0.3243,447.4258,-193.9679,2,4,2.3067,196,165,269,167,199.2500
377,SMACross,15,32,0.0922,23.2654,36,13,23,0.3611,432.4965,-204.0562,2,5,2.1195,124,146,126,261,164.2500
378,SMACross,15,33,0.0907,21.4650,37,13,24,0.3514,419.8832,-189.3462,2,5,2.2175,129,112,159,219,154.7500
379,SMACross,15,34,0.1389,19.8149,39,13,26,0.3333,407.9178,-150.2470,3,6,2.7150,70,82,217,39,102.0000
380,SMACross,15,35,0.0027,29.3501,37,12,25,0.3243,437.6149,-208.7235,2,6,2.0966,278,288,269,274,277.2500
381,SMACross,15,36,0.0658,23.6675,36,11,25,0.3056,488.2943,-188.2547,2,6,2.5938,165,152,367,66,187.5000
382,SMACross,15,37,-0.0559,31.3707,36,11,25,0.3056,453.1368,-221.4934,2,6,2.0458,366,337,367,306,344.0000
383,SMACross,15,38,-0.0961,33.2641,36,10,26,0.2778,474.1818,-219.1193,2,8,2.1640,407,386,476,244,378.2500
384,SMACross,15,39,-0.0810,33.7962,40,11,29,0.2750,449.4827,-198.2562,2,7,2.2672,390,407,486,191,368.5000
385,SMACross,15,40,-0.1248,34.8888,37,10,27,0.2703,441.6564,-209.5949,2,6,2.1072,438,439,497,270,411.0000
386,SMACross,15,41,-0.1275,36.0427,37,12,25,0.3243,387.5233,-236.8026,2,5,1.6365,441,473,269,465,412.0000
387,SMACross,15,42,-0.1336,36.6007,33,9,24,0.2727,477.7818,-234.6161,2,6,2.0364,446,487,489,310,433.0000
388,SMACross,15,43,-0.1017,33.9610,32,10,22,0.3125,438.7409,-245.4210,2,6,1.7877,411,412,336,415,393.5000
389,SMACross,15,44,-0.0738,30.6174,31,9,22,0.2903,473.6997,-227.0845,2,6,2.0860,386,312,442,280,355.0000
390,SMACross,15,45,0.0790,22.3099,30,9,21,0.3000,508.0550,-179.8421,2,8,2.8250,146,125,398,28,174.2500
391,SMACross,15,46,0.1028,20.2644,30,9,21,0.3000,493.0075,-162.0501,2,8,3.0423,106,91,398,10,151.2500
392,SMACross,15,47,0.0789,21.1264,31,9,22,0.2903,494.9413,-166.3143,2,8,2.9759,147,104,442,14,176.7500
393,SMACross,15,48,0.0606,24.5576,30,8,22,0.2667,593.0224,-187.8224,2,7,3.1574,177,169,504,6,214.0000
394,SMACross,15,49,0.0093,25.9744,30,7,23,0.2333,647.0058,-192.6082,1,7,3.3592,268,204,528,4,251.0000
395,SMACross,15,50,0.0644,25.9167,31,9,22,0.2903,522.4331,-184.1525,3,7,2.8370,169,201,442,27,209.7500
396,SMACross,16,21,0.1546,17.0797,69,26,43,0.3768,316.0914,-149.1097,4,6,2.1199,59,29,89,260,109.2500
397,SMACross,16,22,0.2014,16.2754,62,23,39,0.3710,358.7261,-154.5183,3,6,2.3216,29,20,102,159,77.5000
398,SMACross,16,23,0.3672,18.5799,58,23,35,0.3966,397.5843,-156.3519,3,6,2.5429,2,53,37,79,42.7500
399,SMACross,16,24,0.3365,19.0101,55,23,32,0.4182,387.7382,-173.5163,3,5,2.2346,5,69,18,209,75.2500
400,SMACross,16,25,0.2448,18.7228,53,25,28,0.4717,316.8791,-186.2166,3,5,1.7017,17,57,1,441,129.0000
401,SMACross,16,26,0.0930,19.3911,48,18,30,0.3750,339.8722,-166.5161,3,6,2.0411,122,74,91,308,148.7500
402,SMACross,16,27,0.0690,23.4341,45,18,27,0.4000,339.1908,-200.5753,4,4,1.6911,163,147,30,444,196.0000
403,SMACross,16,28,0.0586,23.9933,43,15,28,0.3488,390.0331,-188.0226,3,5,2.0744,184,160,167,291,200.5000
404,SMACross,16,29,0.0364,25.8166,41,16,25,0.3902,347.9132,-208.1194,4,6,1.6717,230,200,48,448,231.5000
405,SMACross,16,30,0.0374,25.3333,39,13,26,0.3333,430.3053,-200.5213,3,6,2.1459,227,188,217,248,220.0000
406,SMACross,16,31,0.0628,24.3254,38,13,25,0.3421,423.4371,-194.7960,2,5,2.1737,172,166,196,238,193.0000
407,SMACross,16,32,0.0407,24.5258,38,13,25,0.3421,404.8582,-193.9737,2,5,2.0872,220,168,196,278,215.5000
408,SMACross,16,33,0.0718,19.9120,36,13,23,0.3611,390.5675,-189.2493,3,6,2.0638,156,84,126,295,165.2500
409,SMACross,16,34,-0.0522,28.5431,36,10,26,0.2778,489.2017,-208.0149,2,6,2.3518,362,262,476,138,309.5000
410,SMACross,16,35,-0.0679,29.5022,36,9,27,0.2500,547.2063,-207.3320,2,6,2.6393,376,290,516,57,309.7500
411,SMACross,16,36,-0.0906,30.7320,36,10,26,0.2778,475.5588,-217.5372,2,8,2.1861,401,318,476,233,357.0000
412,SMACross,16,37,-0.1475,35.2452,37,10,27,0.2703,459.9452,-224.7907,2,9,2.0461,465,450,497,305,429.2500
413,SMACross,16,38,-0.0898,34.0271,37,11,26,0.2973,433.0981,-217.5657,2,6,1.9907,400,414,418,331,390.7500
414,SMACross,16,39,-0.1075,35.8412,35,10,25,0.2857,466.3425,-229.3143,2,6,2.0336,419,469,454,312,413.5000
415,SMACross,16,40,-0.1758,37.4220,39,9,30,0.2308,489.7531,-205.3751,2,11,2.3847,494,500,530,121,411.2500
416,SMACross,16,41,-0.2043,39.1770,39,12,27,0.3077,352.6172,-232.2067,2,8,1.5185,510,523,360,493,471.5000
417,SMACross,16,42,-0.1434,36.4859,34,13,21,0.3824,349.2940,-282.7344,3,6,1.2354,459,486,71,530,386.5000
418,SMACross,16,43,-0.1371,36.8143,30,9,21,0.3000,487.5805,-272.4657,2,7,1.7895,453,490,398,413,438.5000
419,SMACross,16,44,0.0154,25.4851,30,9,21,0.3000,515.7361,-211.5963,2,8,2.4374,257,194,398,104,238.2500
420,SMACross,16,45,-0.0237,27.0090,30,10,20,0.3333,425.3926,-222.4489,2,7,1.9123,319,224,217,363,280.7500
421,SMACross,16,46,0.0332,23.1904,28,10,18,0.3571,456.7234,-232.8275,2,6,1.9616,233,144,137,344,214.5000
422,SMACross,16,47,0.0434,25.0746,29,11,18,0.3793,430.7480,-236.5945,2,6,1.8206,218,180,76,401,218.7500
423,SMACross,16,48,0.0519,27.2064,27,10,17,0.3704,495.7268,-258.3955,3,5,1.9185,193,232,103,361,222.2500
424,SMACross,16,49,0.0585,26.9239,28,11,17,0.3929,449.9930,-254.0935,3,5,1.7710,185,220,42,422,217.2500
425,SMACross,16,50,0.1153,23.5918,29,11,18,0.3793,434.6433,-198.8780,3,6,2.1855,89,151,76,234,137.5000
426,SMACross,17,22,0.3404,16.2752,66,25,41,0.3788,374.5804,-138.5617,3,5,2.7033,4,19,81,41,36.2500
427,SMACross,17,23,0.2954,18.7229,62,26,36,0.4194,345.1075,-167.1854,3,4,2.0642,8,60,15,293,94.0000
428,SMACross,17,24,0.1448,18.7228,58,23,35,0.3966,313.8460,-164.8667,3,6,1.9036,66,56,37,367,131.5000
429,SMACross,17,25,0.0969,18.7228,54,21,33,0.3889,323.7267,-169.7006,3,5,1.9076,114,58,51,364,146.7500
430,SMACross,17,26,0.0332,19.9584,53,19,34,0.3585,331.2956,-170.0407,4,8,1.9483,232,85,135,353,201.2500
431,SMACross,17,27,0.0005,27.1705,49,17,32,0.3469,327.6870,-173.9247,3,7,1.8841,282,231,174,372,264.7500
432,SMACross,17,28,0.0036,26.3093,46,16,30,0.3478,361.2228,-191.4619,6,6,1.8867,276,211,171,371,257.2500
433,SMACross,17,29,-0.0268,26.2742,44,16,28,0.3636,330.4947,-198.4417,6,6,1.6654,323,210,123,452,277.0000
434,SMACross,17,30,0.0063,25.1162,39,14,25,0.3590,392.6602,-217.1445,3,6,1.8083,270,181,133,405,247.2500
435,SMACross,17,31,0.0165,24.5649,40,14,26,0.3500,398.1795,-207.8444,2,5,1.9158,255,170,165,362,238.0000
436,SMACross,17,32,-0.0189,24.1641,38,12,26,0.3158,405.7967,-194.3215,2,5,2.0883,311,162,319,277,267.2500
437,SMACross,17,33,-0.1344,33.1931,41,11,30,0.2683,408.0439,-194.2527,2,7,2.1006,449,383,501,272,401.2500
438,SMACross,17,34,-0.1159,32.0494,38,10,28,0.2632,482.4137,-213.5146,2,7,2.2594,426,353,507,195,370.2500
439,SMACross,17,35,-0.1640,33.8624,38,9,29,0.2368,497.3268,-210.7359,2,9,2.3600,484,409,527,134,388.5000
440,SMACross,17,36,-0.1343,35.0102,38,11,27,0.2895,415.0346,-218.6490,2,9,1.8982,448,443,448,368,426.7500
441,SMACross,17,37,-0.1541,37.3980,37,10,27,0.2703,436.8609,-217.5230,2,6,2.0083,470,498,497,322,446.7500
442,SMACross,17,38,-0.1669,38.8903,38,10,28,0.2632,444.9071,-217.2128,2,6,2.0483,487,518,507,303,453.7500
443,SMACross,17,39,-0.1953,37.6866,35,10,25,0.2857,420.1644,-244.8042,2,7,1.7163,505,503,454,435,474.2500
444,SMACross,17,40,-0.2025,39.5097,36,11,25,0.3056,386.0077,-249.4473,2,8,1.5475,509,525,367,488,472.2500
445,SMACross,17,41,-0.1579,37.2715,37,13,24,0.3514,342.5930,-249.8571,2,5,1.3712,476,494,159,515,411.0000
446,SMACross,17,42,-0.1555,37.7902,34,9,25,0.2647,489.9222,-237.1024,2,9,2.0663,472,505,505,292,443.5000
447,SMACross,17,43,-0.0619,28.7575,31,10,21,0.3226,433.5435,-234.0148,2,7,1.8526,373,271,282,384,327.5000
448,SMACross,17,44,-0.0912,31.7990,30,9,21,0.3000,471.2449,-243.5056,2,7,1.9353,403,347,398,360,377.0000
449,SMACross,17,45,-0.0378,27.8937,31,10,21,0.3226,450.1432,-230.3822,2,7,1.9539,342,249,282,349,305.5000
450,SMACross,17,46,-0.0357,30.0080,29,10,19,0.3448,475.7224,-266.9533,2,6,1.7820,338,299,180,418,308.7500
451,SMACross,17,47,0.0441,25.6523,29,11,18,0.3793,428.8957,-235.0883,2,5,1.8244,216,197,76,399,222.0000
452,SMACross,17,48,0.0600,27.0996,27,9,18,0.3333,549.8293,-239.0408,3,6,2.3001,179,228,217,172,199.0000
453,SMACross,17,49,0.0705,26.9789,26,10,16,0.3846,469.1447,-246.2924,3,10,1.9048,160,223,61,366,202.5000
454,SMACross,17,50,0.1285,23.1295,28,9,19,0.3214,528.7001,-178.6350,3,6,2.9597,76,141,297,15,132.2500
455,SMACross,18,23,0.0946,18.7228,67,28,39,0.4179,257.1036,-155.3907,3,4,1.6546,118,59,19,456,163.0000
456,SMACross,18,24,0.1266,17.9824,57,25,32,0.4386,287.6718,-177.8418,4,4,1.6176,78,44,6,469,149.2500
457,SMACross,18,25,0.1222,17.9823,54,23,31,0.4259,303.7282,-178.3715,3,3,1.7028,82,43,10,439,143.5000
458,SMACross,18,26,0.0489,23.7239,53,20,33,0.3774,318.0743,-172.3831,4,7,1.8452,201,154,87,390,208.0000
459,SMACross,18,27,0.0044,26.6655,51,20,31,0.3922,309.8912,-198.5230,5,6,1.5610,273,216,45,483,254.2500
460,SMACross,18,28,-0.0023,28.5851,47,19,28,0.4043,296.0317,-201.7055,4,6,1.4676,290,264,28,504,271.5000
461,SMACross,18,29,-0.1099,35.0308,43,18,25,0.4186,298.9474,-258.9776,4,5,1.1543,422,444,17,534,354.2500
462,SMACross,18,30,-0.1221,35.3880,42,16,26,0.3810,339.9186,-255.9371,3,5,1.3281,433,454,73,518,369.5000
463,SMACross,18,31,-0.1155,34.1281,41,14,27,0.3415,372.7653,-235.8706,3,5,1.5804,425,419,207,476,381.7500
464,SMACross,18,32,-0.1807,37.8267,39,14,25,0.3590,329.5678,-255.4341,3,4,1.2902,497,507,133,526,415.7500
465,SMACross,18,33,-0.1529,35.3498,38,11,27,0.2895,402.6005,-219.3097,2,5,1.8358,467,452,448,394,440.2500
466,SMACross,18,34,-0.1641,36.4467,41,10,31,0.2439,443.8584,-194.9501,2,10,2.2768,485,484,523,182,418.5000
467,SMACross,18,35,-0.1619,35.5641,39,9,30,0.2308,474.9914,-195.2555,2,8,2.4327,480,462,530,107,394.7500
468,SMACross,18,36,-0.1607,36.1777,37,10,27,0.2703,428.0147,-216.7144,2,7,1.9750,477,477,497,339,447.5000
469,SMACross,18,37,-0.1694,37.2495,37,9,28,0.2432,460.6314,-207.2840,2,6,2.2222,489,493,524,216,430.5000
470,SMACross,18,38,-0.1939,38.8148,36,10,26,0.2778,409.6272,-230.7893,2,8,1.7749,504,517,476,419,479.0000
471,SMACross,18,39,-0.1768,38.0521,35,12,23,0.3429,363.1848,-264.8250,2,7,1.3714,495,509,195,514,428.2500
472,SMACross,18,40,-0.1740,39.0998,34,12,22,0.3529,361.5927,-273.6728,2,7,1.3213,491,521,153,519,421.0000
473,SMACross,18,41,-0.2194,39.5228,35,9,26,0.2571,448.6390,-237.5746,2,10,1.8884,511,526,512,370,479.7500
474,SMACross,18,42,-0.1327,32.6382,34,10,24,0.2941,421.7688,-228.5034,2,9,1.8458,445,366,428,389,407.0000
475,SMACross,18,43,-0.1385,33.3551,33,8,25,0.2424,529.2471,-222.3439,2,9,2.3803,455,388,526,122,372.7500
476,SMACross,18,44,-0.1172,33.3851,32,9,23,0.2812,474.3555,-233.8867,2,8,2.0281,429,391,469,316,401.2500
477,SMACross,18,45,-0.0939,32.3444,31,10,21,0.3226,434.0489,-248.3823,2,8,1.7475,405,360,282,425,368.0000
478,SMACross,18,46,-0.0725,30.4965,30,10,20,0.3333,433.7930,-249.8642,2,7,1.7361,382,310,217,428,334.2500
479,SMACross,18,47,-0.0514,30.1008,30,11,19,0.3667,398.7865,-254.4343,2,6,1.5673,360,304,111,482,314.2500
480,SMACross,18,48,-0.0158,28.2635,29,8,21,0.2759,511.7625,-199.1621,2,11,2.5696,307,256,485,73,280.2500
481,SMACross,18,49,-0.0062,28.1269,28,8,20,0.2857,516.3416,-206.1290,2,9,2.5049,298,252,454,86,272.5000
482,SMACross,18,50,0.0937,24.2737,28,9,19,0.3214,496.1226,-181.6152,2,6,2.7317,120,164,297,38,154.7500
483,SMACross,19,24,0.1151,22.5195,67,25,42,0.3731,278.6982,-138.4860,4,6,2.0125,90,127,99,319,158.7500
484,SMACross,19,25,0.1839,18.1882,56,25,31,0.4464,288.8460,-166.9080,4,6,1.7306,42,45,3,430,130.0000
485,SMACross,19,26,0.0642,24.9915,56,22,34,0.3929,292.2682,-164.7419,4,6,1.7741,170,178,42,420,202.5000
486,SMACross,19,27,0.0517,26.8296,52,22,30,0.4231,276.3198,-185.3939,5,6,1.4904,194,218,11,494,229.2500
487,SMACross,19,28,-0.1630,38.5073,49,18,31,0.3673,282.4207,-216.5703,4,6,1.3041,482,513,110,523,407.0000
488,SMACross,19,29,-0.1366,38.0976,48,20,28,0.4167,264.3992,-237.6408,4,6,1.1126,452,511,20,535,379.5000
489,SMACross,19,30,-0.1234,35.5057,42,14,28,0.3333,362.0835,-223.7536,3,5,1.6182,437,460,217,468,395.5000
490,SMACross,19,31,-0.1505,37.3596,43,13,30,0.3023,384.7635,-215.6744,2,5,1.7840,466,496,393,417,443.0000
491,SMACross,19,32,-0.1544,35.8369,40,11,29,0.2750,411.1006,-207.9076,2,5,1.9773,471,468,486,335,440.0000
492,SMACross,19,33,-0.1534,36.0850,39,12,27,0.3077,373.7791,-221.5907,2,8,1.6868,468,474,360,445,436.7500
493,SMACross,19,34,-0.1555,37.3407,40,9,31,0.2250,500.4593,-194.2797,2,9,2.5760,473,495,535,72,393.7500
494,SMACross,19,35,-0.1621,37.4109,43,9,34,0.2093,490.8428,-176.5363,2,9,2.7804,481,499,536,33,387.2500
495,SMACross,19,36,-0.1660,35.9928,40,10,30,0.2500,422.4148,-194.1851,2,7,2.1753,486,471,516,237,427.5000
496,SMACross,19,37,-0.1756,38.0973,37,9,28,0.2432,463.1746,-209.5021,2,8,2.2108,492,510,524,222,437.0000
497,SMACross,19,38,-0.1757,39.0337,36,11,25,0.3056,407.0754,-247.0517,2,8,1.6477,493,520,367,460,460.0000
498,SMACross,19,39,-0.1231,34.3878,36,12,24,0.3333,388.0464,-242.7400,2,8,1.5986,436,425,217,472,387.5000
499,SMACross,19,40,-0.1613,33.8690,35,10,25,0.2857,420.2600,-230.2489,2,10,1.8252,479,410,454,398,435.2500
500,SMACross,19,41,-0.1699,35.4205,36,10,26,0.2778,425.6711,-226.7993,2,8,1.8769,490,456,476,375,449.2500
501,SMACross,19,42,-0.1324,32.2999,34,10,24,0.2941,425.9440,-230.0800,2,9,1.8513,444,359,428,385,404.0000
502,SMACross,19,43,-0.1632,35.2849,35,8,27,0.2286,515.4943,-211.0108,2,9,2.4430,483,451,534,102,392.5000
503,SMACross,19,44,-0.1301,32.1995,32,11,21,0.3438,366.9890,-249.0516,2,8,1.4735,442,357,187,501,371.7500
504,SMACross,19,45,-0.0652,28.7411,30,10,20,0.3333,418.8877,-236.2212,2,7,1.7733,375,270,217,421,320.7500
505,SMACross,19,46,-0.1066,31.8217,33,10,23,0.3030,402.8770,-216.6857,2,7,1.8593,417,348,382,381,382.0000
506,SMACross,19,47,-0.0879,31.1755,31,9,22,0.2903,459.3691,-222.7440,2,7,2.0623,397,329,442,298,366.5000
507,SMACross,19,48,-0.0492,27.8159,30,7,23,0.2333,558.2395,-186.1345,2,12,2.9991,354,246,528,11,284.7500
508,SMACross,19,49,-0.0027,26.5931,29,9,20,0.3103,448.5737,-196.9831,2,5,2.2772,292,215,351,181,259.7500
509,SMACross,19,50,0.0172,25.1756,28,9,19,0.3214,458.4256,-201.4287,2,5,2.2759,252,184,297,184,229.2500
510,SMACross,20,25,0.1691,21.8985,61,27,34,0.4426,268.8534,-163.7689,4,8,1.6417,55,118,4,462,159.7500
511,SMACross,20,26,-0.0207,27.7996,58,22,36,0.3793,264.1700,-167.1837,4,6,1.5801,314,245,76,477,278.0000
512,SMACross,20,27,-0.1348,36.4487,52,20,32,0.3846,278.6106,-216.2704,4,6,1.2883,450,485,61,527,380.7500
513,SMACross,20,28,-0.1226,37.7247,52,20,32,0.3846,272.0195,-208.3093,4,6,1.3058,435,504,61,522,380.5000
514,SMACross,20,29,-0.1845,38.5709,50,20,30,0.4000,246.2728,-225.6933,6,7,1.0912,500,514,30,536,395.0000
515,SMACross,20,30,-0.1076,35.0522,46,19,27,0.4130,283.0753,-239.0366,3,7,1.1842,420,445,23,532,355.0000
516,SMACross,20,31,-0.1609,36.7950,41,14,27,0.3415,356.9817,-242.5064,2,8,1.4721,478,489,207,502,419.0000
517,SMACross,20,32,-0.1954,38.3505,41,12,29,0.2927,391.7851,-227.5286,2,8,1.7219,506,512,438,432,472.0000
518,SMACross,20,33,-0.1938,38.6624,41,11,30,0.2683,423.3523,-217.9536,2,9,1.9424,503,515,501,356,468.7500
519,SMACross,20,34,-0.1833,38.9168,40,10,30,0.2500,486.8846,-221.4625,2,9,2.1985,499,519,516,226,440.0000
520,SMACross,20,35,-0.1351,32.7193,41,13,28,0.3171,366.2913,-216.1462,2,5,1.6946,451,369,313,443,394.0000
521,SMACross,20,36,-0.1307,33.1043,43,13,30,0.3023,344.8280,-190.9633,2,7,1.8057,443,382,393,407,406.2500
522,SMACross,20,37,-0.1255,32.6627,38,10,28,0.2632,430.2251,-196.2708,2,8,2.1920,439,368,507,231,386.2500
523,SMACross,20,38,-0.1196,31.9131,39,9,30,0.2308,481.2862,-182.1857,2,8,2.6417,430,350,530,55,341.2500
524,SMACross,20,39,-0.1466,33.6057,37,11,26,0.2973,392.3431,-218.3018,2,8,1.7973,462,400,418,409,422.2500
525,SMACross,20,40,-0.1414,33.0886,35,11,24,0.3143,387.3487,-231.9986,2,8,1.6696,458,381,333,450,405.5000
526,SMACross,20,41,-0.1928,36.2104,35,9,26,0.2571,441.1708,-223.0118,2,10,1.9782,501,479,512,334,456.5000
527,SMACross,20,42,-0.1819,35.6519,36,9,27,0.2500,440.8642,-210.5475,2,11,2.0939,498,465,516,275,438.5000
528,SMACross,20,43,-0.1935,36.1498,35,10,25,0.2857,414.5512,-239.2189,2,10,1.7329,502,476,454,429,465.2500
529,SMACross,20,44,-0.1112,32.1151,34,13,21,0.3824,322.6127,-247.4076,3,8,1.3040,424,354,71,524,343.2500
530,SMACross,20,45,-0.1396,31.5944,33,10,23,0.3030,374.6815,-218.9535,2,8,1.7112,456,341,382,436,403.7500
531,SMACross,20,46,-0.1041,32.2497,31,10,21,0.3226,408.9584,-239.0251,2,8,1.7109,413,358,282,437,372.5000
532,SMACross,20,47,-0.0648,29.8744,32,8,24,0.2500,514.4823,-193.6284,2,7,2.6571,374,296,516,47,308.2500
533,SMACross,20,48,-0.0557,30.1451,29,11,18,0.3793,369.3516,-250.1189,2,5,1.4767,364,305,76,499,311.0000
534,SMACross,20,49,-0.0447,28.5999,29,10,19,0.3448,397.4869,-226.4542,2,5,1.7553,349,266,180,424,304.7500
535,SMACross,20,50,0.0184,25.4166,28,10,18,0.3571,428.2941,-220.6803,2,5,1.9408,250,191,137,357,233.7500
